sr_no,scheme_id,location_id,district,taluka,scheme_name,region,dam_type,osl_m,frl_m,pwl_m,design_gross_mcm,design_live_mcm,design_dead_mcm,present_gross_mcm,present_live_mcm,present_dead_mcm,pct_filling_src,rf,crf,warning,inflow_cusecs,outflow_river_cusecs,outflow_canal_cusecs,days_water_at_release,pct_filling_calc
1,42,1,Valsad,Kaprada,Damanganga,SG,G,59.46,79.86,78.1,524.86,478.09,46.77,444.59,397.82,46.77,84.71,15.0,2865.0,ALERT,3139.0,371.0,80.0,2032.531125080725,84.70639789658195
2,43,2,Navsari,Vansada,Jhuj,SG,UG,147.0,167.5,167.6,24.45,24.17,0.28,24.45,24.17,0.28,100.0,0.0,2823.0,HIGH ALERT,239.4,239.4,0.0,,100.0
3,44,3,Navsari,Vansada,Kelia,SG,UG,98.1,113.4,113.5,17.46,17.36,0.11,17.46,17.36,0.11,100.0,0.0,3025.0,HIGH ALERT,263.0,263.0,0.0,,100.0
4,37,4,Tapi,Songadh,Doswada,SG,UG,114.6,123.44,123.46,3.43,3.33,0.1,3.43,3.33,0.1,100.0,0.0,1532.0,HIGH ALERT,58.0,58.0,0.0,,100.0
5,8,5,Narmada,Sagbara,Chopadvav,SG,FG,176.4,187.4,187.15,7.18,7.18,0.0,6.81,6.81,0.0,94.85,0.0,973.0,HIGH ALERT,0.0,0.0,15.0,185.56515625894104,94.84679665738162
6,11,6,Narmada,Sagbara,Kakdi-Amba,SG,FG,177.21,187.71,187.5,7.31,7.29,0.02,7.01,6.99,0.02,95.9,0.0,1005.0,HIGH ALERT,0.0,0.0,15.0,190.46996215124787,95.89603283173736
7,36,7,Tapi,Songadh,Ukai,SG,G,78.77,105.156,102.132,7414.29,6729.9,684.39,5727.81,5043.42,684.39,77.25,0.0,1351.0,WARNING,6218.0,5418.0,800.0,2576.7704305602106,77.25365476667355
8,39,8,Surat,Mandvi,Lakhigam,SG,UG,67.1,74.1,74.1,4.26,4.06,0.2,4.26,4.06,0.2,100.0,0.0,1129.0,HIGH ALERT,0.0,0.0,15.0,110.63062179314252,100.0
9,7,9,Bharuch,Jhagadia,Dholi,SG,UG,124.0,136.0,136.0,14.17,12.56,1.61,14.17,12.56,1.61,100.0,0.0,667.0,HIGH ALERT,169.0,169.0,0.0,,100.0
10,38,10,Surat,Mandvi,Ver-II,SG,G,101.0,115.8,114.3,31.88,31.72,0.16,24.7,24.55,0.16,77.48,0.0,1126.0,WARNING,0.0,0.0,0.0,,77.4780426599749
11,9,11,Bharuch,Netrang,Baldeva,SG,UG,131.35,141.5,141.52,8.15,7.84,0.31,8.15,7.84,0.31,100.0,0.0,1261.0,HIGH ALERT,129.0,129.0,0.0,,100.0
12,10,12,Bharuch,Netrang,Pigut,SG,UG,130.6,139.7,139.63,7.52,7.27,0.25,7.42,7.17,0.25,98.67,0.0,1250.0,HIGH ALERT,21.0,21.0,0.0,,98.67021276595746
13,6,13,Narmada,Nandod,Karjan,SG,G,78.0,115.25,110.18,538.75,514.65,24.1,399.84,375.74,24.1,74.22,0.0,1103.0,WARNING,0.0,0.0,0.0,,74.21624129930395
14,40,14,Chhotaudepur,Jetpur pavi,Sukhi,CG,G,134.0,147.82,146.79,173.01,163.22,9.79,148.58,138.79,9.79,85.88,0.0,598.0,ALERT,0.0,0.0,86.22,657.9467348964495,85.87942893474367
15,41,15,Chhotaudepur,Kawant,Rami,CG,UG,184.0,196.35,196.3,4.55,4.49,0.06,4.51,4.45,0.06,99.12,0.0,496.0,HIGH ALERT,0.0,0.0,0.0,,99.12087912087912
16,15,16,Panchmahal,Halol,Deo,CG,G,80.0,89.65,87.98,67.95,61.35,6.59,45.61,39.02,6.59,67.12,0.0,595.0,NIL,0.0,0.0,0.0,,67.12288447387785
17,26,17,Dahod,Zalod,Kali - II,CG,UG,250.0,257.0,255.9,14.52,10.91,3.61,13.33,9.72,3.61,91.8,0.0,210.0,HIGH ALERT,0.0,0.0,0.0,,91.80440771349862
18,21,18,Dahod,Zalod,Machchhanala,CG,UG,271.31,277.64,277.1,27.75,21.82,5.93,24.58,18.65,5.93,88.58,0.0,216.0,ALERT,0.0,0.0,0.0,,88.57657657657657
19,17,19,Mahisagar,Kadana,Kadana,CG,G,99.06,127.71,122.02,1249.3,1191.7,57.6,731.27,673.67,57.6,58.53,0.0,596.0,NIL,647.0,0.0,0.0,,58.534379252381335
20,19,20,Mahisagar,Khanpur,Bhadar (P),CG,G,110.95,123.72,115.6,30.95,29.23,1.72,6.56,4.84,1.72,21.2,0.0,263.0,NIL,0.0,0.0,0.0,,21.195476575121162
21,18,21,Dahod,Garbada,Patadungari,CG,UG,160.02,170.84,167.0,41.05,39.64,1.41,17.11,15.7,1.41,41.68,0.0,263.0,NIL,0.0,0.0,0.0,,41.68087697929355
22,24,22,Dahod,Limkheda,Umaria,CG,UG,270.93,280.0,279.95,13.54,11.67,1.87,13.42,11.55,1.87,99.11,0.0,526.0,HIGH ALERT,0.0,0.0,30.0,157.3625223781769,99.11373707533235
23,16,23,Dahod,Singvad,Hadaf,CG,G,161.5,166.2,166.05,22.09,17.27,4.82,21.31,16.49,4.82,96.47,0.0,320.0,HIGH ALERT,35.0,0.0,50.0,134.80041527356553,96.46899049343594
24,22,24,Dahod,Singvad,Kabutari,CG,UG,180.6,186.3,185.7,9.58,8.07,1.51,8.05,6.54,1.51,84.03,0.0,450.0,ALERT,10.0,0.0,0.0,,84.02922755741129
25,25,25,Dahod,Dhanpur,Edalwada,CG,FG,228.5,237.3,235.2,14.08,13.28,0.8,8.81,8.01,0.8,62.57,0.0,423.0,NIL,0.0,0.0,0.0,,62.57102272727273
26,23,26,Dahod,Devgadh baria,WNKL.-BHEY,CG,UG,214.9,223.57,221.58,13.3,11.69,1.61,9.57,7.96,1.61,71.95,0.0,485.0,WARNING,0.0,0.0,0.0,,71.95488721804512
27,14,27,Mahisagar,Lunawada,Panam,CG,G,106.68,127.41,123.5,578.19,552.97,25.22,348.82,323.6,25.22,60.33,0.0,682.0,NIL,300.0,0.0,1000.0,132.26626556254038,60.32964942319998
28,12,28,Mahisagar,Balasinor,Wanakbori,CG,UG,60.05,67.3,67.06,41.88,36.22,5.66,40.21,34.55,5.66,96.01,0.0,840.0,HIGH ALERT,0.0,200.0,0.0,,96.0124164278892
29,20,29,Panchmahal,Ghoghamba,Karad,CG,FG,123.44,140.08,134.85,42.45,40.06,2.39,19.91,17.52,2.39,46.9,0.0,542.0,NIL,0.0,0.0,140.0,51.150118591199615,46.90223792697291
30,33,30,Sabarkantha,Vijaynagar,Harnav-II,NG,G,317.5,332.0,325.11,21.67,19.97,1.7,8.41,6.71,1.7,38.81,0.0,411.0,NIL,0.0,0.0,0.0,,38.80941393631748
31,197,31,Sabarkantha,Khedbrahma,Khedva,NG,G,253.6,259.7,257.25,7.63,6.68,0.95,4.73,3.78,0.95,61.99,0.0,308.0,NIL,0.0,0.0,0.0,,61.99213630406292
32,13,32,Mahesana,Satlasana,Dharoi,NG,G,175.87,189.59,185.1,813.14,745.63,67.51,417.22,349.71,67.51,51.31,0.0,337.0,NIL,0.0,0.0,0.0,,51.309737560567676
33,28,33,Sabarkantha,Himatnagar,Guhai,NG,G,164.75,173.0,170.27,68.75,61.22,7.53,38.6,31.07,7.53,56.15,0.0,439.0,NIL,0.0,0.0,0.0,,56.14545454545455
34,30,34,Arvalli,Bhiloda,Hathmati,NG,UG,170.69,180.75,178.7,152.83,148.93,3.9,75.66,71.76,3.9,49.51,0.0,340.0,NIL,0.0,0.0,0.0,,49.505987044428444
35,34,35,Arvalli,Bhiloda,Meshwo,NG,UG,202.39,214.59,211.14,53.13,49.97,3.16,32.97,29.81,3.16,62.06,0.0,461.0,NIL,30.0,0.0,0.0,,62.055335968379445
36,201,36,Sabarkantha,Talod,Gorathiya,NG,G,105.25,110.43,107.9,4.15,3.25,0.9,1.9,0.99,0.9,45.78,0.0,440.0,NIL,0.0,0.0,0.0,,45.783132530120476
37,32,37,Sabarkantha,Talod,Javanpura,NG,G,86.43,91.0,86.43,2.5,2.35,0.15,0.15,0.0,0.15,6.0,0.0,347.0,NIL,0.0,0.0,0.0,,6.0
38,29,38,Arvalli,Modasa,Mazam,NG,G,150.77,157.1,155.04,43.86,36.58,7.28,24.85,17.57,7.28,56.66,0.0,538.0,NIL,0.0,0.0,0.0,,56.657546739626085
39,35,39,Arvalli,Meghraj,Waidy,NG,UG,190.85,199.2,198.02,9.28,8.7,0.58,7.32,6.74,0.58,78.88,0.0,484.0,WARNING,0.0,0.0,0.0,,78.87931034482759
40,27,40,Arvalli,Malpur,Watrak,NG,G,126.03,136.25,132.77,158.2,134.79,23.41,84.31,60.9,23.41,53.29,0.0,455.0,NIL,0.0,0.0,0.0,,53.29329962073325
41,31,41,Arvalli,Bayad,Lank,NG,G,106.5,111.55,108.42,7.54,7.22,0.32,1.54,1.22,0.32,20.42,0.0,406.0,NIL,0.0,0.0,0.0,,20.424403183023873
42,202,42,Kheda,Kapadvanj,Varansi,CG,G,78.0,81.0,78.88,3.18,2.62,0.56,0.95,0.39,0.56,29.87,0.0,489.0,NIL,0.0,0.0,0.0,,29.874213836477985
43,5,43,Banaskantha,Dantiwada,Sipu,NG,G,176.4,186.43,173.89,161.43,145.37,16.06,7.2,0.0,7.2,4.46,0.0,164.0,NIL,0.0,0.0,0.0,,4.460137520906894
44,4,44,Banaskantha,Dantiwada,Dantiwada,NG,G,161.85,184.1,173.62,397.12,392.01,5.1,99.57,94.47,5.1,25.07,0.0,426.0,NIL,0.0,0.0,0.0,,25.07302578565673
45,3,45,Banaskantha,Vadgam,Mukteshwar,NG,G,193.67,201.65,197.13,31.46,26.3,5.16,13.48,8.32,5.16,42.85,0.0,343.0,NIL,0.0,0.0,0.0,,42.84806102987921
46,191,46,Surendranagar,Chotila,Morshal,Sau,UG,173.1,177.0,175.0,3.25,3.05,0.2,0.85,0.65,0.2,26.15,0.0,325.0,NIL,0.0,0.0,0.0,,26.153846153846153
47,186,47,Surendranagar,Sayla,Nimbmani,Sau,G,129.9,134.5,131.9,6.18,5.79,0.39,1.74,1.35,0.39,28.16,0.0,250.0,NIL,0.0,0.0,0.0,,28.155339805825243
48,190,48,Surendranagar,Sayla,Lim-Bhogavo-I,Sau,UG,39.93,46.02,45.2,22.43,21.9,0.53,17.43,16.9,0.53,77.71,0.0,425.0,WARNING,0.0,0.0,0.0,,77.70842621489078
49,187,49,Surendranagar,Wadhwan,Lim-Bhogavo-II,Sau,G,72.05,76.0,74.5,15.17,13.0,2.17,8.08,5.91,2.17,53.26,0.0,435.0,NIL,0.0,0.0,20.0,120.78084509805525,53.263019116677654
50,188,50,Surendranagar,Chuda,Vansal,Sau,UG,98.0,100.7,100.5,3.97,3.33,0.64,3.66,3.02,0.64,92.19,0.0,285.0,HIGH ALERT,0.0,0.0,0.0,,92.19143576826195
51,192,51,Surendranagar,Muli,Saburi,Sau,UG,123.7,129.5,128.7,4.5,3.95,0.55,3.4,2.85,0.55,75.56,0.0,255.0,WARNING,0.0,0.0,0.0,,75.55555555555556
52,183,52,Surendranagar,Muli,Nyka,Sau,G,96.04,101.8,101.32,13.71,13.36,0.35,11.1,10.75,0.35,80.96,0.0,440.0,ALERT,0.0,0.0,0.0,,80.96280087527352
53,184,53,Surendranagar,Wadhwan,Dholidhaja,Sau,UG,74.37,80.47,79.52,20.39,18.69,1.7,15.39,13.69,1.7,75.48,0.0,255.0,WARNING,1525.0,0.0,1995.0,2.8047950152748644,75.47817557626287
54,180,54,Rajkot,Vinchhiya,Dhari,Sau,UG,44.5,49.07,43.3,3.01,2.52,0.49,0.25,0.0,0.25,8.31,0.0,170.0,NIL,0.0,0.0,0.0,,8.305647840531561
55,182,55,Botad,Botad,Sukhbhadar,Sau,G,102.0,109.2,105.5,41.13,37.57,3.56,13.95,10.39,3.56,33.92,0.0,400.0,NIL,0.0,0.0,0.0,,33.91684901531728
56,89,56,Botad,Botad,Goma,Sau,UG,120.4,126.5,125.02,15.75,15.12,0.63,9.39,8.76,0.63,59.62,0.0,390.0,NIL,0.0,0.0,0.0,,59.61904761904762
57,87,57,Botad,Botad,Kaniyad,Sau,G,99.0,102.25,101.3,2.93,2.64,0.29,1.72,1.43,0.29,58.7,0.0,390.0,NIL,0.0,0.0,0.0,,58.703071672354945
58,2,58,Botad,Ranpur,Utavali,Sau,G,47.3,49.3,49.3,9.01,6.91,2.1,9.01,6.91,2.1,100.0,0.0,665.0,HIGH ALERT,0.0,0.0,0.0,,100.0
59,1,59,Botad,Barwala,Khambhada,Sau,G,48.3,50.35,50.35,4.41,3.48,0.93,4.41,3.48,0.93,100.0,0.0,660.0,HIGH ALERT,0.0,0.0,0.0,,100.0
60,92,60,Botad,Gadhada,Bhimdad,Sau,UG,96.32,104.85,101.46,6.79,6.79,0.0,0.67,0.67,0.0,9.87,0.0,305.0,NIL,0.0,0.0,0.0,,9.867452135493373
61,174,61,Rajkot,Jasdan,Ghelo - S,Sau,UG,127.25,135.1,130.94,6.06,5.89,0.17,1.57,1.4,0.17,25.91,0.0,40.0,NIL,0.0,0.0,0.0,,25.90759075907591
62,181,62,Rajkot,Vinchhiya,Malgadh,Sau,UG,153.67,159.37,157.6,2.64,2.53,0.11,1.24,1.13,0.11,46.97,0.0,270.0,NIL,0.0,0.0,0.0,,46.96969696969697
63,93,63,Amreli,Babra,Ghelo-I,Sau,UG,159.1,166.72,163.65,10.09,9.86,0.23,3.17,2.94,0.23,31.42,0.0,210.0,NIL,0.0,0.0,0.0,,31.417244796828545
64,83,64,Botad,Gadhada,Limbali,Sau,G,124.1,128.1,126.0,8.48,6.94,1.54,3.77,2.23,1.54,44.46,0.0,190.0,NIL,0.0,0.0,0.0,,44.45754716981132
65,79,65,Botad,Gadhada,Malpara,Sau,G,73.0,78.1,75.15,6.9,6.4,0.5,1.76,1.26,0.5,25.51,0.0,355.0,NIL,0.0,0.0,0.0,,25.507246376811594
66,78,66,Botad,Gadhada,Kalubhar,Sau,G,53.72,60.36,58.95,18.14,16.62,1.52,15.65,14.13,1.52,86.27,0.0,245.0,ALERT,0.0,0.0,0.0,,86.27342888643881
67,82,67,Bhavnagar,Umrala,Ranghola,Sau,G,53.35,62.5,62.48,36.81,36.81,0.0,36.68,36.68,0.0,99.65,0.0,220.0,HIGH ALERT,0.0,0.0,0.0,,99.64683509915783
68,84,68,Bhavnagar,Bhavnagar,Lakhanka,Sau,G,34.98,44.22,41.1,3.68,3.68,0.0,1.02,1.02,0.0,27.72,0.0,400.0,NIL,0.0,0.0,0.0,,27.717391304347824
69,196,69,Bhavnagar,Talaja,Jaspara-Mandva,Sau,UG,30.2,40.25,36.15,3.72,3.18,0.54,1.66,1.12,0.54,44.62,0.0,465.0,NIL,0.0,0.0,0.0,,44.62365591397849
70,72,70,Amreli,Bagasara,Munjiasar,Sau,UG,55.47,62.94,60.195,13.64,13.63,0.01,4.6,4.59,0.01,33.72,0.0,258.0,NIL,0.0,0.0,10.0,187.60882538073557,33.724340175953074
71,65,71,Amreli,Dhari,Khodiyar,Sau,G,179.82,202.68,202.32,29.94,29.94,0.0,28.04,28.04,0.0,93.65,0.0,411.0,HIGH ALERT,0.0,0.0,0.0,,93.65397461589846
72,70,72,Amreli,Amreli,Vadi,Sau,G,128.05,134.0,130.0,10.62,10.2,0.42,1.88,1.46,0.42,17.7,0.0,435.0,NIL,0.0,0.0,0.0,,17.70244821092279
73,66,73,Amreli,Amreli,Thebi,Sau,G,120.6,126.0,124.5,10.65,9.98,0.67,5.71,5.04,0.67,53.62,0.0,415.0,NIL,0.0,0.0,0.0,,53.6150234741784
74,71,74,Amreli,Savarkundla,Shell-Dedumal,Sau,G,171.0,179.5,178.5,7.81,7.34,0.47,6.14,5.67,0.47,78.62,0.0,200.0,WARNING,0.0,0.0,0.0,,78.61715749039693
75,76,75,Bhavnagar,Palitana,Shetrunji,Sau,G,45.17,55.53,55.45,346.48,341.45,5.03,341.0,335.97,5.03,98.42,0.0,440.0,HIGH ALERT,0.0,0.0,0.0,,98.41837912722235
76,80,76,Bhavnagar,Palitana,Kharo,Sau,G,47.5,54.12,54.12,12.24,11.84,0.4,12.24,11.84,0.4,100.0,0.0,425.0,HIGH ALERT,0.0,0.0,0.0,,100.0
77,86,77,Bhavnagar,Palitana,Hanol,Sau,G,86.35,90.1,90.1,5.6,5.43,0.17,5.6,5.43,0.17,100.0,0.0,210.0,HIGH ALERT,0.0,0.0,0.0,,100.0
78,77,78,Bhavnagar,Palitana,Rajawal,Sau,G,50.0,56.75,56.2,28.21,25.84,2.37,24.07,21.7,2.37,85.32,0.0,410.0,ALERT,0.0,0.0,0.0,,85.32435306628855
79,88,79,Bhavnagar,Talaja,Pingli,Sau,G,45.2,51.3,51.3,2.11,1.84,0.27,2.11,1.84,0.27,100.0,0.0,480.0,HIGH ALERT,0.0,0.0,0.0,,100.0
80,85,80,Bhavnagar,Talaja,Hamirpara,Sau,G,82.6,87.8,87.1,2.02,1.93,0.09,1.5,1.41,0.09,74.26,0.0,680.0,WARNING,0.0,0.0,0.0,,74.25742574257426
81,90,81,Bhavnagar,Mahuva,Bagad,Sau,UG,55.36,60.41,59.31,11.18,9.66,1.52,7.99,6.46,1.52,71.47,15.0,470.0,WARNING,0.0,0.0,0.0,,71.46690518783542
82,91,82,Bhavnagar,Mahuva,Rojki,Sau,UG,89.15,99.06,99.05,9.23,9.13,0.1,9.22,9.12,0.1,99.89,0.0,440.0,HIGH ALERT,0.0,0.0,0.0,,99.89165763813652
83,81,83,Bhavnagar,Mahuva,Malan,Sau,G,93.9,104.25,104.18,11.44,11.44,0.0,11.27,11.27,0.0,98.51,0.0,535.0,HIGH ALERT,0.0,0.0,0.0,,98.51398601398601
84,74,84,Amreli,Savarkundla,Surajwadi,Sau,UG,39.62,50.29,50.29,6.37,6.37,0.0,6.37,6.37,0.0,100.0,5.0,350.0,HIGH ALERT,0.0,0.0,0.0,,100.0
85,67,85,Amreli,Rajula,Dhatarvadi,Sau,UG,70.83,81.23,81.23,26.92,24.63,2.29,26.92,24.63,2.29,100.0,15.0,550.0,HIGH ALERT,0.0,0.0,0.0,,100.0
86,75,86,Amreli,Rajula,Dhatarwadi-II,Sau,G,31.85,34.41,34.41,10.19,7.44,2.75,10.19,7.44,2.75,100.0,0.0,680.0,HIGH ALERT,0.0,0.0,0.0,,100.0
87,68,87,Amreli,Khambha,Raidy,Sau,G,42.25,50.85,50.85,6.93,6.38,0.55,6.93,6.38,0.55,100.0,0.0,625.0,HIGH ALERT,0.0,0.0,0.0,,100.0
88,126,88,Gir Somnath,Gir-Gadhada,Raval,Sau,G,129.85,148.85,148.455,26.73,24.0,2.73,26.01,23.28,2.73,97.31,0.0,652.0,HIGH ALERT,0.0,0.0,0.0,,97.3063973063973
89,127,89,Gir Somnath,Gir-Gadhada,Machhundri,Sau,UG,99.5,109.5,105.15,31.84,26.7,5.14,15.25,10.11,5.14,47.9,0.0,430.0,NIL,0.0,0.0,0.0,,47.89572864321608
90,124,90,Gir Somnath,Gir-Gadhada,Shingoda,Sau,G,122.78,141.58,135.68,36.4,36.07,0.33,13.42,13.09,0.33,36.87,0.0,289.0,NIL,0.0,0.0,0.0,,36.86813186813187
91,140,91,Junagadh,Mendarda,Hiran-I,Sau,UG,31.24,44.2,37.52,20.22,19.64,0.58,5.79,5.21,0.58,28.64,0.0,309.0,NIL,0.0,0.0,0.0,,28.635014836795254
92,125,92,Gir Somnath,Talala,Hiran-II,Sau,G,62.42,71.26,64.92,38.58,35.02,3.56,7.79,4.23,3.56,20.19,0.0,336.0,NIL,0.0,0.0,0.0,,20.191809227579057
93,130,93,Junagadh,Visavadar,Prempara,Sau,UG,120.5,127.5,116.97,1.33,1.27,0.06,0.0,0.0,0.0,0.0,0.0,279.0,NIL,0.0,0.0,0.0,,0.0
94,134,94,Junagadh,Visavadar,Ambajal,Sau,G,171.8,182.31,175.75,10.55,9.6,0.95,2.73,1.78,0.95,25.88,0.0,229.0,NIL,0.0,0.0,0.0,,25.876777251184834
95,135,95,Junagadh,Visavadar,Draphad,Sau,G,117.5,124.0,119.9,9.62,9.29,0.33,1.87,1.54,0.33,19.44,0.0,265.0,NIL,0.0,0.0,0.0,,19.43866943866944
96,141,96,Junagadh,Visavadar,Jhanjeshri,Sau,UG,140.15,149.96,144.95,10.03,9.79,0.24,2.53,2.29,0.24,25.22,0.0,323.0,NIL,0.0,0.0,0.0,,25.224327018943168
97,139,97,Junagadh,Bhesan,Mota-Gujariya,Sau,UG,132.77,140.02,136.61,7.64,7.55,0.09,1.67,1.58,0.09,21.86,0.0,305.0,NIL,0.0,0.0,0.0,,21.858638743455497
98,132,98,Junagadh,Junagadh,Ozat-II,Sau,G,72.5,77.5,71.19,36.2,27.71,8.49,6.0,0.0,6.0,16.57,0.0,210.0,NIL,127.71,0.0,0.0,,16.574585635359114
99,137,99,Junagadh,Vanthali,Ozat-Weir,Sau,G,29.8,32.8,29.6,1.95,1.88,0.07,0.06,0.0,0.06,3.08,0.0,355.0,NIL,0.0,0.0,0.0,,3.076923076923077
100,138,100,Junagadh,Vanthali,Ozat- Weir(Vanthali),Sau,G,25.0,27.5,24.68,1.79,1.54,0.25,0.17,0.0,0.17,9.5,0.0,321.0,NIL,0.0,0.0,0.0,,9.497206703910614
101,128,101,Junagadh,Bhesan,Uben,Sau,UG,100.61,107.61,101.76,16.2,15.6,0.6,1.34,0.74,0.6,8.27,0.0,198.0,NIL,0.0,0.0,38.0,7.959553421725968,8.271604938271606
102,131,102,Junagadh,Junagadh,Hasanapur,Sau,UG,137.77,148.13,142.77,8.4,8.19,0.21,2.58,2.37,0.21,30.71,0.0,235.0,NIL,0.0,0.0,0.0,,30.71428571428571
103,129,103,Junagadh,Mendarda,Madhuvanti,Sau,UG,149.65,165.19,160.58,11.65,11.3,0.35,4.62,4.27,0.35,39.66,0.0,335.0,NIL,0.0,0.0,0.0,,39.65665236051502
104,198,104,Junagadh,Vanthali,Sabali,Sau,G,39.05,43.75,41.0,7.2,6.14,1.06,2.15,1.09,1.06,29.86,0.0,308.0,NIL,0.0,0.0,0.0,,29.86111111111111
105,133,105,Junagadh,Maliya Hatina,Vrajmi,Sau,G,84.6,94.0,84.7,10.35,10.1,0.25,0.26,0.01,0.25,2.51,0.0,482.0,NIL,0.0,0.0,0.0,,2.5120772946859904
106,136,106,Junagadh,Manavadar,Bantva-Kharo,Sau,G,13.8,16.25,15.44,6.68,5.76,0.92,3.75,2.83,0.92,56.14,0.0,355.0,NIL,0.0,0.0,0.0,,56.137724550898206
107,145,107,Porbandar,Kutiyana,Amipur,Sau,G,3.35,5.64,3.51,30.0,28.85,1.15,2.05,0.9,1.15,6.83,0.0,260.0,NIL,0.0,0.0,26.45,13.9077671804541,6.833333333333332
108,155,108,Rajkot,Kotada sangani,Karmal,Sau,G,165.0,169.0,163.8,12.7,10.3,2.4,1.28,0.0,1.28,10.08,0.0,155.0,NIL,0.0,0.0,0.0,,10.078740157480315
109,177,109,Rajkot,Jasdan,Ishwaria,Sau,UG,151.5,157.3,153.0,5.25,4.85,0.4,0.97,0.57,0.4,18.48,0.0,240.0,NIL,0.0,0.0,0.0,,18.476190476190474
110,157,110,Rajkot,Jasdan,Karnuki,Sau,G,159.0,164.5,160.1,8.54,8.31,0.23,0.68,0.45,0.23,7.96,0.0,292.0,NIL,0.0,0.0,0.0,,7.962529274004685
111,173,111,Rajkot,Kotada sangani,Gondali,Sau,UG,36.58,45.8,36.75,10.11,9.97,0.14,0.16,0.02,0.14,1.58,0.0,235.0,NIL,0.0,0.0,0.0,,1.5825914935707222
112,175,112,Rajkot,Kotada sangani,Vachhapari,Sau,UG,38.4,43.89,37.8,6.12,5.58,0.54,0.36,0.0,0.36,5.88,0.0,278.0,NIL,0.0,0.0,0.0,,5.88235294117647
113,156,113,Rajkot,Gondal,Veri,Sau,G,139.19,142.04,140.34,4.59,4.59,0.0,0.75,0.75,0.0,16.34,0.0,230.0,NIL,0.0,0.0,0.0,,16.33986928104575
114,148,114,Rajkot,Gondal,Bhadar,Sau,G,97.54,107.9,102.81,188.14,187.91,0.23,38.71,38.48,0.23,20.58,0.0,324.0,NIL,0.0,0.0,0.0,,20.5751036462209
115,69,115,Amreli,Kunkavav vadia,Vadiya,Sau,G,125.2,130.25,129.0,5.36,5.09,0.27,2.89,2.62,0.27,53.92,0.0,435.0,NIL,0.0,0.0,0.0,,53.917910447761194
116,73,116,Amreli,Kunkavav vadia,Sankroli,Sau,UG,36.58,44.2,41.14,7.87,7.87,0.0,2.26,2.26,0.0,28.72,0.0,321.0,NIL,0.0,0.0,28.0,32.99065868039701,28.716645489199486
117,169,117,Rajkot,Jetpur,Survo,Sau,G,92.15,99.85,98.15,13.9,13.66,0.24,7.82,7.58,0.24,56.26,0.0,395.0,NIL,0.0,0.0,0.0,,56.2589928057554
118,167,118,Rajkot,Gondal,Motisar,Sau,G,138.5,143.0,138.7,2.58,2.35,0.23,0.3,0.07,0.23,11.63,0.0,160.0,NIL,0.0,0.0,0.0,,11.627906976744185
119,179,119,Rajkot,Gondal,Kabir-Sarovar,Sau,UG,28.04,32.45,27.55,6.49,6.21,0.28,0.2,0.0,0.2,3.08,0.0,325.0,NIL,0.0,0.0,0.0,,3.081664098613251
120,165,120,Rajkot,Jetpur,Chhaparwadi-II,Sau,G,90.76,98.38,92.3,16.62,15.27,1.35,2.3,0.95,1.35,13.84,0.0,334.0,NIL,0.0,0.0,0.0,,13.838748495788204
121,113,121,Jamnagar,Kalavad,Phophal-II,Sau,UG,125.0,129.33,125.51,6.13,5.89,0.24,0.45,0.21,0.24,7.34,0.0,198.0,NIL,0.0,0.0,0.0,,7.3409461663947795
122,159,122,Rajkot,Jamkandorna,Phophal - I,Sau,UG,73.98,81.75,78.86,51.83,48.83,3.0,24.37,21.37,3.0,47.02,0.0,432.0,NIL,0.0,0.0,137.0,63.75650968284464,47.01910090681073
123,149,123,Rajkot,Dhoraji,Bhadar - II,Sau,G,45.44,53.1,51.85,49.0,41.85,7.15,38.51,31.36,7.15,78.59,0.0,340.0,WARNING,0.0,0.0,150.0,85.45261821263425,78.59183673469387
124,171,124,Rajkot,Upleta,Sodvadar,Sau,UG,69.65,76.7,73.9,4.84,4.58,0.26,1.56,1.3,0.26,32.23,0.0,302.0,NIL,0.0,0.0,0.0,,32.231404958677686
125,152,125,Rajkot,Upleta,Moj,Sau,G,59.14,72.54,69.37,36.69,36.69,0.0,15.6,15.6,0.0,42.52,0.0,250.0,NIL,0.0,0.0,0.0,,42.51839738348324
126,110,126,Jamnagar,Jamjodhpur,Fulzar (KB),Sau,G,88.4,95.85,91.0,18.03,16.28,1.75,3.96,2.21,1.75,21.96,0.0,230.0,NIL,0.0,0.0,0.0,,21.96339434276206
127,98,127,Jamnagar,Kalavad,Fulzar-I,Sau,UG,17.98,24.69,20.87,11.36,11.22,0.14,1.6,1.46,0.14,14.08,0.0,120.0,NIL,0.0,0.0,0.0,,14.084507042253522
128,103,128,Jamnagar,Jamjodhpur,Umiyasagar,Sau,G,68.0,71.05,68.36,1.55,1.37,0.18,0.5,0.32,0.18,32.26,0.0,190.0,NIL,0.0,0.0,0.0,,32.25806451612903
129,153,129,Rajkot,Upleta,Venu-II,Sau,G,49.0,55.0,53.54,22.58,18.8,3.78,15.26,11.48,3.78,67.58,0.0,159.0,NIL,0.0,0.0,0.0,,67.58193091231179
130,199,130,Porbandar,Kutiyana,Saran,Sau,G,33.5,37.0,32.6,1.69,1.62,0.07,0.01,0.0,0.01,0.59,0.0,300.0,NIL,0.0,0.0,0.0,,0.591715976331361
131,195,131,Devbhumi Dwarka,Bhanvad,Minsar (V),Sau,UG,85.5,91.8,83.7,5.85,5.54,0.31,0.12,0.0,0.12,2.05,0.0,50.0,NIL,0.0,0.0,0.0,,2.0512820512820515
132,99,132,Jamnagar,Jamjodhpur,Dia-Minsar,Sau,UG,71.5,75.4,70.5,11.11,8.87,2.24,1.38,0.0,1.38,12.42,0.0,60.0,NIL,0.0,0.0,0.0,,12.421242124212421
133,142,133,Porbandar,Ranavav,Phodarness,Sau,UG,82.3,93.57,88.31,23.65,22.26,1.39,9.31,7.92,1.39,39.37,0.0,82.0,NIL,0.0,0.0,0.0,,39.36575052854123
134,143,134,Porbandar,Ranavav,Khambhala,Sau,UG,29.26,39.63,35.1,15.37,15.33,0.04,3.7,3.66,0.04,24.07,8.0,105.0,NIL,0.0,0.0,0.0,,24.072869225764478
135,204,135,Porbandar,Ranavav,Rana Khirasara,Sau,G,28.52,36.75,30.16,4.02,3.97,0.05,0.25,0.2,0.05,6.22,5.0,150.0,NIL,0.0,0.0,0.0,,6.218905472636816
136,146,136,Porbandar,Kutiyana,Kalindri,Sau,UG,45.82,52.23,45.51,7.22,6.5,0.72,0.62,0.0,0.62,8.59,0.0,192.0,NIL,0.0,0.0,0.0,,8.587257617728532
137,123,137,Devbhumi,Bhanvad,Kabarka,Sau,UG,92.2,96.85,91.0,4.3,4.06,0.24,0.08,0.0,0.08,1.86,0.0,105.0,NIL,0.0,0.0,0.0,,1.8604651162790697
138,100,138,Devbhumi Dwarka,Bhanvad,Vartu-I,Sau,UG,32.0,39.01,31.0,11.83,11.59,0.24,0.07,0.0,0.07,0.59,0.0,80.0,NIL,0.0,0.0,0.0,,0.591715976331361
139,118,139,Devbhumi Dwarka,Bhanvad,Veradi,Sau,UG,80.0,85.15,79.2,6.42,6.31,0.11,0.1,0.0,0.1,1.56,0.0,80.0,NIL,0.0,0.0,0.0,,1.557632398753894
140,194,140,Devbhumi Dwarka,Bhanvad,Veradi-II,Sau,UG,57.6,65.4,58.35,9.79,9.57,0.22,0.42,0.2,0.22,4.29,0.0,75.0,NIL,0.0,0.0,0.0,,4.290091930541369
141,115,141,Devbhumi Dwarka,Bhanvad,Sonmati,Sau,FG,72.0,78.5,70.5,7.4,7.09,0.31,0.08,0.0,0.08,1.08,0.0,55.0,NIL,0.0,0.0,0.0,,1.081081081081081
142,109,142,Devbhumi Dwarka,Bhanvad,Vartu-II,Sau,G,31.75,39.95,27.0,25.6,24.03,1.57,0.01,0.0,0.01,0.04,0.0,40.0,NIL,0.0,0.0,0.0,,0.0390625
143,144,143,Porbandar,Porbandar,Sorthi,Sau,UG,89.75,95.5,83.0,8.46,7.01,1.45,0.0,0.0,0.0,0.0,0.0,65.0,NIL,0.0,0.0,0.0,,0.0
144,147,144,Porbandar,Porbandar,Advana,Sau,UG,20.15,24.0,15.0,2.61,2.21,0.4,0.0,0.0,0.0,0.0,0.0,40.0,NIL,0.0,0.0,0.0,,0.0
145,104,145,Devbhumi Dwarka,Jamkhambhalia,Gadhaki,Sau,UG,25.1,30.0,22.0,9.34,9.14,0.2,0.0,0.0,0.0,0.0,0.0,50.0,NIL,0.0,0.0,0.0,,0.0
146,117,146,Devbhumi Dwarka,Jamkalyanpur,Shedhabhadthari,Sau,UG,28.0,32.5,24.0,5.62,4.99,0.63,0.01,0.0,0.01,0.18,0.0,30.0,NIL,0.0,0.0,0.0,,0.17793594306049823
147,95,147,Devbhumi Dwarka,Jamkalyanpur,Sani,Sau,G,13.65,17.25,9.25,39.02,32.18,6.84,0.0,0.0,0.0,0.0,0.0,40.0,NIL,0.0,0.0,0.0,,0.0
148,122,148,Devbhumi Dwarka,Kalyanpur,Sindhani,Sau,UG,13.0,16.35,7.32,8.73,7.96,0.77,0.0,0.0,0.0,0.0,0.0,40.0,NIL,0.0,0.0,0.0,,0.0
149,97,149,Devbhumi Dwarka,Jamkhambhalia,Ghee,Sau,UG,34.44,40.54,34.84,10.97,10.89,0.08,0.19,0.11,0.08,1.73,0.0,75.0,NIL,0.0,0.0,0.0,,1.7319963536918868
150,116,150,Jamnagar,Lalpur,Fulzar-II,Sau,UG,47.55,52.12,43.0,3.1,2.83,0.27,0.0,0.0,0.0,0.0,0.0,90.0,NIL,0.0,0.0,0.0,,0.0
151,102,151,Jamnagar,Lalpur,Puna,Sau,UG,19.81,24.39,22.13,7.83,7.77,0.06,2.17,2.11,0.06,27.71,0.0,90.0,NIL,0.0,0.0,15.0,57.4952246264854,27.713920817369093
152,120,152,Jamnagar,Lalpur,Rupavati,Sau,UG,72.75,77.3,69.05,2.76,2.63,0.13,0.0,0.0,0.0,0.0,0.0,105.0,NIL,0.0,0.0,0.0,,0.0
153,96,153,Jamnagar,Lalpur,Sasoi,Sau,UG,22.25,28.95,24.1,37.97,37.97,0.0,2.39,2.39,0.0,6.29,0.0,115.0,NIL,0.0,0.0,0.0,,6.294442981301027
154,205,154,Jamnagar,Lalpur,Sasoi-II,Sau,UG,100.0,104.4,95.1,2.43,2.02,0.41,0.12,0.0,0.12,4.94,0.0,40.0,NIL,0.0,0.0,0.0,,4.938271604938271
155,206,155,Jamnagar,Jamnagar,Wagadiya,Sau,UG,60.2,62.05,58.6,2.27,1.25,1.02,0.45,0.0,0.45,19.82,0.0,110.0,NIL,0.0,0.0,0.0,,19.823788546255507
156,108,156,Jamnagar,Jamnagar,Rangmati,Sau,G,38.5,43.2,37.85,3.36,3.2,0.16,0.08,0.0,0.08,2.38,0.0,165.0,NIL,0.0,0.0,0.0,,2.380952380952381
157,105,157,Jamnagar,Jamnagar,Ruparel,Sau,UG,45.05,48.2,45.1,4.27,3.74,0.53,0.56,0.03,0.53,13.11,0.0,205.0,NIL,0.0,0.0,0.0,,13.114754098360658
158,114,158,Jamnagar,Jamnagar,Sapada,Sau,UG,27.13,32.77,28.38,5.56,5.27,0.29,0.71,0.42,0.29,12.77,0.0,175.0,NIL,0.0,0.0,0.0,,12.769784172661872
159,101,159,Jamnagar,Jamnagar,Vijarkhi,Sau,UG,22.86,30.47,23.35,9.7,9.7,0.0,0.07,0.07,0.0,0.72,0.0,155.0,NIL,0.0,0.0,0.0,,0.7216494845360826
160,107,160,Jamnagar,Jamnagar,Kankavati,Sau,G,26.5,30.5,23.25,6.82,6.39,0.43,0.01,0.0,0.01,0.15,0.0,230.0,NIL,0.0,0.0,0.0,,0.14662756598240467
161,121,161,Jamnagar,Kalavad,Und-III,Sau,UG,106.6,110.6,104.87,4.69,3.89,0.8,0.32,0.0,0.32,6.82,0.0,160.0,NIL,0.0,0.0,0.0,,6.823027718550106
162,119,162,Jamnagar,Jamnagar,Wodisang,Sau,UG,72.7,76.5,66.18,7.85,5.58,2.27,0.0,0.0,0.0,0.0,0.0,115.0,NIL,0.0,0.0,0.0,,0.0
163,94,163,Jamnagar,Jamnagar,Und-I,Sau,G,90.1,98.0,90.74,69.05,65.95,3.1,4.65,1.55,3.1,6.73,0.0,205.0,NIL,90.0,0.0,0.0,,6.734250543084722
164,106,164,Jamnagar,Dhrol,Und-II,Sau,G,14.5,18.25,10.08,37.12,32.87,4.25,0.01,0.0,0.01,0.03,0.0,130.0,NIL,0.0,0.0,0.0,,0.026939655172413795
165,161,165,Rajkot,Lodhika,Nyari - I,Sau,G,96.85,104.5,101.65,35.36,33.62,1.74,14.37,12.63,1.74,40.64,0.0,113.0,NIL,122.0,0.0,0.0,,40.63914027149321
166,154,166,Rajkot,Paddhari,Nyari-II,Sau,G,82.2,88.5,88.5,12.25,11.52,0.73,12.25,11.52,0.73,100.0,0.0,315.0,HIGH ALERT,10.0,0.0,25.0,188.3445462645816,100.0
167,170,167,Rajkot,Paddhari,Dondi,Sau,G,101.0,103.72,99.3,3.8,2.91,0.89,0.25,0.0,0.25,6.58,0.0,170.0,NIL,0.0,0.0,0.0,,6.578947368421053
168,160,168,Rajkot,Rajkot,Aji-I,Sau,UG,138.68,147.52,144.57,26.43,25.99,0.44,11.14,10.7,0.44,42.15,0.0,220.0,NIL,0.0,0.0,0.0,,42.149073023079836
169,162,169,Rajkot,Rajkot,Lalpari,Sau,UG,132.89,137.46,137.46,5.11,5.11,0.0,5.11,5.11,0.0,100.0,0.0,330.0,HIGH ALERT,0.0,0.0,0.0,,100.0
170,163,170,Rajkot,Rajkot,Aji - II,Sau,G,64.6,73.76,72.5,22.09,20.76,1.33,16.19,14.86,1.33,73.29,0.0,380.0,WARNING,80.0,0.0,80.0,75.92230787466586,73.2910819375283
171,151,171,Rajkot,Paddhari,Aji-III,Sau,G,45.0,53.15,50.87,49.75,46.13,3.62,25.05,21.43,3.62,50.35,0.0,315.0,NIL,286.0,0.0,531.0,16.495604248608753,50.35175879396985
172,168,172,Rajkot,Paddhari,Khodapipar,Sau,G,52.87,55.27,55.0,3.0,2.33,0.67,2.64,1.97,0.67,88.0,0.0,385.0,ALERT,0.0,0.0,0.0,,88.0
173,178,173,Morbi,Tankara,Bangawadi,Sau,FG,36.36,42.65,41.4,7.67,7.58,0.09,4.38,4.29,0.09,57.11,0.0,349.0,NIL,6.0,0.0,0.0,,57.10560625814863
174,111,174,Jamnagar,Jodiya,Aji-IV,Sau,G,14.45,20.4,15.88,39.83,37.49,2.34,4.71,2.37,2.34,11.83,0.0,190.0,NIL,0.0,0.0,30.0,32.28997212435318,11.82525734371077
175,172,175,Morbi,Tankara,Demi - I,Sau,FG,53.34,60.35,54.62,22.17,22.1,0.07,1.25,1.18,0.07,5.64,0.0,305.0,NIL,0.0,0.0,40.0,12.05764781858758,5.638249887235002
176,164,176,Morbi,Tankara,Demi - II,Sau,G,42.0,48.0,46.85,21.33,19.91,1.42,13.32,11.9,1.42,62.45,0.0,238.0,NIL,0.0,0.0,27.0,180.14564851373788,62.44725738396625
177,112,177,Morbi,Morbi,Demi - III,Sau,G,21.65,25.6,19.44,9.6,8.47,1.13,0.28,0.0,0.28,2.92,0.0,267.0,NIL,0.0,0.0,0.0,,2.916666666666667
178,176,178,Rajkot,Rajkot,Phadangbeti,Sau,UG,185.67,189.25,188.25,5.89,5.37,0.52,3.7,3.18,0.52,62.82,0.0,350.0,NIL,0.0,0.0,0.0,,62.81833616298812
179,193,179,Surendranagar,Chotila,Triveni Thanga,Sau,UG,202.8,208.0,207.8,3.23,2.95,0.28,2.9,2.62,0.28,89.78,0.0,465.0,ALERT,0.0,0.0,0.0,,89.78328173374614
180,158,180,Morbi,Wankaner,Machchhu - I,Sau,UG,122.53,135.33,133.46,68.95,68.95,0.0,41.67,41.67,0.0,60.44,0.0,337.0,NIL,0.0,0.0,0.0,,60.43509789702683
181,150,181,Morbi,Morbi,Machchhu-II,Sau,G,47.24,57.3,55.57,87.9,84.1,3.8,58.71,54.91,3.8,66.79,0.0,450.0,NIL,447.0,0.0,580.0,38.69581775094354,66.79180887372013
182,166,182,Morbi,Morbi,Ghodadhroi,Sau,G,93.12,98.3,97.1,6.88,5.55,1.33,5.24,3.91,1.33,76.16,0.0,500.0,WARNING,0.0,0.0,0.0,,76.16279069767442
183,203,183,Morbi,Morbi,Machchhu-III,Sau,G,22.35,28.7,27.65,7.99,6.46,1.53,6.32,4.79,1.53,79.1,0.0,449.0,WARNING,40.0,0.0,0.0,,79.09887359198999
184,189,184,Morbi,Halvad,Brahmani,Sau,UG,56.39,64.62,64.31,58.33,56.29,2.04,54.23,52.19,2.04,92.97,0.0,375.0,HIGH ALERT,0.0,0.0,0.0,,92.97102691582377
185,200,185,Morbi,Halvad,Brahmani-II,Sau,G,39.15,44.5,41.9,19.8,18.5,1.3,7.17,5.87,1.3,36.21,0.0,495.0,NIL,207.0,0.0,421.0,5.698972800443585,36.21212121212121
186,185,186,Surendranagar,Dhrangadhra,Falku,Sau,FG,102.05,107.0,106.45,13.02,12.69,0.33,10.14,9.81,0.33,77.88,0.0,545.0,WARNING,0.0,0.0,0.0,,77.88018433179724
187,59,187,Kachchh,Rapar,Fatehgadh,Kutch,UG,19.5,22.7,22.6,4.04,3.99,0.05,3.8,3.74,0.05,94.06,0.0,346.0,HIGH ALERT,0.0,0.0,0.0,,94.05940594059406
188,55,188,Kachchh,Rapar,Suvi,Kutch,UG,38.1,42.67,40.7,8.85,8.13,0.71,3.43,2.72,0.71,38.76,0.0,374.0,NIL,0.0,0.0,0.0,,38.75706214689266
189,56,189,Kachchh,Bhuj,Kaswati,Kutch,UG,43.89,51.2,45.1,8.2,7.96,0.24,0.74,0.5,0.24,9.02,0.0,127.0,NIL,0.0,0.0,0.0,,9.02439024390244
190,48,190,Kachchh,Bhuj,Rudramata,Kutch,UG,54.55,66.44,52.35,59.92,54.97,4.95,1.86,0.0,1.86,3.1,0.0,124.0,NIL,0.0,0.0,0.0,,3.104138851802403
191,54,191,Kachchh,Bhuj,Kaila,Kutch,UG,65.24,79.25,70.3,8.54,8.54,0.0,0.12,0.12,0.0,1.41,0.0,147.0,NIL,0.0,0.0,0.0,,1.4051522248243562
192,50,192,Kachchh,Nakhatrana,Niruna,Kutch,UG,34.44,43.58,33.4,27.17,22.98,4.19,2.8,0.0,2.8,10.31,0.0,146.0,NIL,0.0,0.0,0.0,,10.305483989694515
193,51,193,Kachchh,Nakhatrana,Bhukhi,Kutch,UG,62.05,73.0,69.0,15.58,14.58,1.0,6.92,5.92,1.0,44.42,0.0,131.0,NIL,0.0,0.0,0.0,,44.41591784338896
194,53,194,Kachchh,Nakhatrana,Mathal,Kutch,UG,73.44,83.18,75.4,12.29,11.19,1.1,1.89,0.79,1.1,15.38,0.0,64.0,NIL,0.0,0.0,0.0,,15.378356387306754
195,61,195,Kachchh,Nakhatrana,Gajansar,Kutch,UG,26.21,30.0,26.7,5.98,3.9,2.08,2.52,0.44,2.08,42.14,0.0,58.0,NIL,0.0,0.0,0.0,,42.14046822742475
196,49,196,Kachchh,Lakhpat,Nara,Kutch,UG,18.28,27.43,21.9,39.7,38.21,1.49,7.57,6.08,1.49,19.07,0.0,58.0,NIL,0.0,0.0,0.0,,19.06801007556675
197,47,197,Kachchh,Lakhpat,Sanandro,Kutch,UG,51.2,59.75,50.9,10.35,10.1,0.25,0.19,0.0,0.19,1.84,0.0,28.0,NIL,0.0,0.0,0.0,,1.8357487922705316
198,46,198,Kachchh,Lakhpat,Godhatad,Kutch,UG,16.35,23.0,19.4,13.99,12.69,1.3,5.07,3.77,1.3,36.24,0.0,28.0,NIL,0.0,0.0,0.0,,36.240171551107935
199,58,199,Kachchh,Abdasa,Jangdia,Kutch,UG,34.7,38.6,35.7,9.04,6.85,2.19,3.28,1.09,2.19,36.28,0.0,51.0,NIL,0.0,0.0,0.0,,36.283185840707965
200,64,200,Kachchh,Abdasa,Mitti,Kutch,UG,14.45,18.65,15.2,20.24,16.27,3.96,5.43,1.47,3.96,26.83,0.0,66.0,NIL,0.0,0.0,0.0,,26.828063241106722
201,60,201,Kachchh,Abdasa,Berachia,Kutch,UG,65.7,70.4,67.2,6.86,5.51,1.35,2.61,1.26,1.35,38.05,0.0,44.0,NIL,0.0,0.0,0.0,,38.0466472303207
202,52,202,Kachchh,Abdasa,Kankawati,Kutch,UG,123.74,131.67,125.19,10.51,9.83,0.68,1.25,0.57,0.68,11.89,0.0,74.0,NIL,0.0,0.0,0.0,,11.893434823977165
203,63,203,Kachchh,Mandvi,Don,Kutch,UG,44.6,47.75,41.7,2.28,1.39,0.89,0.89,0.0,0.89,39.04,0.0,48.0,NIL,0.0,0.0,0.0,,39.03508771929825
204,57,204,Kachchh,Mundra,Gajod,Kutch,UG,82.3,90.85,82.0,7.71,7.37,0.34,0.2,0.0,0.2,2.59,0.0,75.0,NIL,0.0,0.0,0.0,,2.594033722438392
205,62,205,Kachchh,Mundra,Kalaghogha,Kutch,UG,31.5,37.0,35.52,4.98,4.26,0.72,3.4,2.68,0.72,68.27,0.0,114.0,NIL,0.0,0.0,0.0,,68.27309236947791
206,45,206,Kachchh,Anjar,Tappar,Kutch,G,29.87,40.85,37.31,49.03,48.79,0.24,20.44,20.2,0.24,41.69,0.0,125.0,NIL,40.0,0.0,0.0,,41.688761982459724
