scheme_id,lat,lon,source,tier,match,nrld_pic,nrld_name,cap_diff_pct,km_outside_district,taluka_similarity,outside_state_outline
1,22.162222,71.792222,CWC NRLD 2019,A,exact stem+ordinal,GJ04MH0483,Khambhada,0.0,0.0,0.25,
2,22.195833,71.792222,CWC NRLD 2019,A,exact stem+ordinal,GJ04MH0561,Utavali (Gunda),0.0,0.0,1.0,
3,24.04,72.627778,CWC NRLD 2019,B,exact stem+ordinal,GJ04HH0583,Mukteshwar,21.35,0.0,0.923,
4,24.337222,72.340556,CWC NRLD 2019,C,exact stem+ordinal,GJ04HH0161,Dantiwada,14.41,0.0,0.5,
5,24.401111,72.310833,CWC NRLD 2019,A,exact stem+ordinal,GJ04HH0511,Sipu,9.21,0.0,0.5,
6,21.815,73.538056,CWC NRLD 2019,A,exact stem+ordinal,GJ04VH0470,Karjan,0.0,0.0,0.143,
7,21.711944,73.321667,CWC NRLD 2019,A,exact stem+ordinal,GJ04HH0534,Dholi,7.41,0.0,1.0,
8,21.535833,73.751667,CWC NRLD 2019,A,exact stem+ordinal,GJ04HH0441,Chopadvav,0.0,0.0,1.0,
9,21.615833,73.408056,CWC NRLD 2019,A,exact stem+ordinal,GJ04MH0327,Baldeva,0.0,0.0,0.167,
10,21.508611,73.382778,CWC NRLD 2019,A,exact stem+ordinal,GJ04MH0414,Pigut,0.0,0.0,0.167,
11,21.517778,73.731667,CWC NRLD 2019,A,"folded stem 1.00, ordinal exact",GJ04HH0426,Kakadiamba,0.0,0.0,1.0,
12,22.948056,73.428889,CWC NRLD 2019,A,exact stem+ordinal,GJ04MH0111,Wanakbori ( Mahi Stg I),0.07,0.0,0.333,
13,24.004444,72.853611,CWC NRLD 2019,B,exact stem+ordinal,GJ04HH0380,Dharoi,10.44,0.0,1.0,
14,23.053889,73.717222,CWC NRLD 2019,C,exact stem+ordinal,GJ04LH0315,Panam,21.61,0.0,0.267,
15,22.376389,73.5475,CWC NRLD 2019,A,exact stem+ordinal,GJ04MH0468,Deo,0.01,0.0,1.0,
16,22.890278,73.878333,CWC NRLD 2019,C,exact stem+ordinal,GJ04MH0456,Hadaf,31.53,0.0,0.308,
17,23.306944,73.823889,CWC NRLD 2019,C,exact stem+ordinal,GJ04HH0332,Kadana,18.98,0.0,0.375,
18,22.725278,74.285,CWC NRLD 2019,A,"folded stem 1.00, ordinal exact",GJ04MH0253,Patadungri,0.12,0.0,0.333,
20,22.560278,73.695833,CWC NRLD 2019,A,exact stem+ordinal,GJ04MH0110,Karad,0.0,0.0,0.364,
22,22.971111,73.926944,CWC NRLD 2019,A,"folded stem 1.00, ordinal exact",GJ04MH0529,Kabutri,0.0,0.0,0.267,
24,22.773333,74.0675,CWC NRLD 2019,A,exact stem+ordinal,GJ04MH0526,Umaria,0.07,0.0,1.0,
25,22.675833,74.048611,CWC NRLD 2019,C,exact stem+ordinal,GJ04MH0502,Edalwada,19.53,0.0,0.267,
26,22.907778,74.241944,CWC NRLD 2019,A,exact stem+ordinal,GJ04LH0676,KALI II,0.0,0.0,0.727,
27,23.313889,73.406944,CWC NRLD 2019,B,exact stem+ordinal,GJ04HH0423,Watrak,10.57,0.0,1.0,
28,23.700556,73.050278,CWC NRLD 2019,A,exact stem+ordinal,GJ04HH0504,Guhai,9.32,0.0,0.952,
29,23.483889,73.355556,CWC NRLD 2019,A,exact stem+ordinal,GJ04MH0430,Mazam,0.0,0.0,1.0,
30,23.7,73.187222,CWC NRLD 2019,A,exact stem+ordinal,GJ04MH0497,Hathmati,5.01,0.0,1.0,
31,23.147778,73.2475,CWC NRLD 2019,B,exact stem+ordinal,GJ04LH0652,Lank,11.8,0.0,1.0,
33,23.983333,73.3,CWC NRLD 2019,A,exact stem+ordinal,GJ04HH0505,Harnav II,0.0,0.0,1.0,
34,23.681667,73.391944,CWC NRLD 2019,B,exact stem+ordinal,GJ04LH0213,Meshwo,35.21,0.0,1.0,
35,23.576944,73.593611,CWC NRLD 2019,A,"folded stem 1.00, ordinal exact",GJ04MH0360,Vaidy,0.11,0.0,1.0,
36,21.248056,73.589444,CWC NRLD 2019,A,exact stem+ordinal,GJ04HH0222,Ukai Dam,0.0,0.0,1.0,
37,21.122778,73.518333,CWC NRLD 2019,B,exact stem+ordinal,GJ04MH0023,Doswada,23.23,0.0,1.0,
38,21.392778,73.386944,CWC NRLD 2019,A,exact stem+ordinal,GJ04MH0532,Ver II,0.0,0.0,1.0,
39,21.316667,73.513889,CWC NRLD 2019,A-bdy,exact stem+ordinal,GJ04MH0409,Lakhigam,0.1,3.41,1.0,
40,22.439722,73.8825,CWC NRLD 2019,A,exact stem+ordinal,GJ04HH0463,Sukhi,3.06,0.0,0.571,
41,22.079444,74.007222,CWC NRLD 2019,C,exact stem+ordinal,GJ04MH0353,Rami,35.73,0.0,0.211,
42,20.192778,73.059722,CWC NRLD 2019,A-bdy,"folded stem 1.00, ordinal exact",GJ04HH0514,Dmanganga (Madhuvan),7.43,1.12,0.933,yes
43,20.701111,73.388056,CWC NRLD 2019,A,exact stem+ordinal,GJ04HH0481,Jhuj,0.0,0.0,1.0,
44,20.701111,73.279167,CWC NRLD 2019,A,exact stem+ordinal,GJ04MH0407,Kelia,9.41,0.0,1.0,
45,23.258889,70.143611,CWC NRLD 2019,A,exact stem+ordinal,GJ04HH0539,Tappar,0.43,0.0,1.0,
46,23.671111,68.658056,CWC NRLD 2019,A,exact stem+ordinal,GJ04MH0403,Godhatad,4.51,0.0,1.0,
47,23.626667,68.787778,CWC NRLD 2019,A,"folded stem 1.00, ordinal exact",GJ04LH0092,Sanandharo,0.06,0.0,1.0,
48,23.372778,69.713056,CWC NRLD 2019,A,"folded stem 1.00, ordinal exact",GJ04HH0206,Rudarmata,4.96,0.0,1.0,
49,23.6425,69.12,CWC NRLD 2019,A,exact stem+ordinal,GJ04MH0369,Nara,3.24,0.0,1.0,
50,23.439722,69.493056,CWC NRLD 2019,A,"folded stem 1.00, ordinal exact",GJ04HH0205,Nirona,0.0,0.0,1.0,
51,23.428611,69.359444,CWC NRLD 2019,A,exact stem+ordinal,GJ04HH0398,Bhukhi,0.0,0.0,1.0,
52,23.164444,69.133333,CWC NRLD 2019,B,exact stem+ordinal,GJ04MH0099,Kankawati,28.06,0.0,1.0,
53,23.433333,69.166667,CWC NRLD 2019,B,exact stem+ordinal,GJ04MH0387,Mathal,12.94,0.0,1.0,
54,23.371667,69.595833,CWC NRLD 2019,B,exact stem+ordinal,GJ04MH0091,Kaila,55.21,0.0,1.0,
55,23.608333,70.496111,CWC NRLD 2019,B,exact stem+ordinal,GJ04MH0198,Suvi,26.75,0.0,1.0,
56,23.380556,69.898889,CWC NRLD 2019,A,exact stem+ordinal,GJ04MH0289,Kaswati,7.66,0.0,1.0,
57,23.016944,69.561389,CWC NRLD 2019,C,exact stem+ordinal,GJ04MH0090,Gajod,27.81,0.0,0.2,
58,23.462222,68.882778,CWC NRLD 2019,A,"folded stem 1.00, ordinal exact",GJ04MH0405,Jangadiya,0.0,0.0,1.0,
59,23.695833,70.788611,CWC NRLD 2019,A,exact stem+ordinal,GJ04MH0503,Fatehgadh,0.13,0.0,1.0,
60,23.210278,69.061111,CWC NRLD 2019,A,"folded stem 1.00, ordinal exact",GJ04MH0395,Berachiya,0.0,0.0,1.0,
61,23.585556,69.123333,CWC NRLD 2019,B,exact stem+ordinal,GJ04MH0120,Gajansar,18.53,0.0,1.0,
62,22.930556,69.681667,CWC NRLD 2019,A,exact stem+ordinal,GJ04MH0469,Kalaghogha,0.0,0.0,1.0,
63,22.973056,69.315833,CWC NRLD 2019,A,exact stem+ordinal,GJ04MH0425,Don,0.22,0.0,1.0,
64,23.333611,68.831111,CWC NRLD 2019,B,exact stem+ordinal,GJ04HH0411,Mitti,14.03,0.0,1.0,
66,21.624444,71.213889,CWC NRLD 2019,A,exact stem+ordinal,GJ04MH0541,Thebi,0.0,0.0,1.0,
68,20.984167,71.313333,CWC NRLD 2019,A,exact stem+ordinal,GJ04LH0537,Raidy,0.0,0.0,0.308,
69,21.676667,70.826111,CWC NRLD 2019,A,exact stem+ordinal,GJ04LH0528,Vadiya,0.09,0.0,0.538,
70,21.628056,71.165278,CWC NRLD 2019,A,exact stem+ordinal,GJ04LH0568,Vadi,0.0,0.0,1.0,
71,21.306111,71.233333,CWC NRLD 2019,A,"folded stem 1.00, ordinal exact",GJ04LH0673,Shel-Dedumal,0.12,0.0,1.0,
72,21.466667,70.916667,CWC NRLD 2019,A,exact stem+ordinal,GJ04MH0106,Munjiasar,7.21,0.0,0.381,
73,21.653333,70.773611,CWC NRLD 2019,B,exact stem+ordinal,GJ04MH0166,Sankroli,28.45,0.0,1.0,
74,21.198889,71.369722,CWC NRLD 2019,B,exact stem+ordinal,GJ04MH0088,Surajwadi,35.0,0.0,1.0,
75,21.030556,71.425,CWC NRLD 2019,A,exact stem+ordinal,GJ04LH0574,Dhatarwadi-II,0.0,0.0,1.0,
76,21.474444,71.879444,CWC NRLD 2019,A,exact stem+ordinal,GJ04MH0122,Shetrunji,0.01,0.0,1.0,
77,21.516389,71.911389,CWC NRLD 2019,B,exact stem+ordinal,GJ04MH0352,Rajawal,14.54,0.0,1.0,
78,21.861389,71.628889,CWC NRLD 2019,B,exact stem+ordinal,GJ04MH0109,Kalubhar,30.52,0.0,1.0,
79,21.863056,71.543611,CWC NRLD 2019,A,exact stem+ordinal,GJ04LH0672,Malpara,0.0,0.0,1.0,
80,21.501944,71.865,CWC NRLD 2019,A,exact stem+ordinal,GJ04MH0385,Kharo,0.0,0.0,1.0,
81,21.223056,71.625,CWC NRLD 2019,B,exact stem+ordinal,GJ04MH0083,Malan,29.25,0.0,1.0,
82,21.764444,71.6525,CWC NRLD 2019,B,exact stem+ordinal,GJ04MH0069,Ranghola,17.37,0.0,1.0,
83,21.981944,71.468333,CWC NRLD 2019,A,exact stem+ordinal,GJ04MH0540,Limbali,0.24,0.0,1.0,
84,21.697778,72.135833,CWC NRLD 2019,C,exact stem+ordinal,GJ04MH0428,Lakhanka,13.41,0.0,0.267,
85,21.505,72.063611,CWC NRLD 2019,B,exact stem+ordinal,GJ04LH0445,Hamirpara,16.09,0.0,1.0,
87,22.239167,71.626389,CWC NRLD 2019,A,exact stem+ordinal,GJ04MH0559,Kaniyad,0.0,0.0,1.0,
88,21.467778,71.950833,CWC NRLD 2019,A,"folded stem 1.00, ordinal exact",GJ04LH0675,Pingali,0.47,0.0,1.0,
89,22.240556,71.506111,CWC NRLD 2019,B,exact stem+ordinal,GJ04MH0220,Goma(Saurastra),13.75,0.0,1.0,
90,21.293056,71.894444,CWC NRLD 2019,A,exact stem+ordinal,GJ04MH0378,Bagad,0.0,0.0,1.0,
91,21.229167,71.678611,CWC NRLD 2019,B,exact stem+ordinal,GJ04MH0165,Rojki,23.08,0.0,1.0,
92,22.086389,71.575278,CWC NRLD 2019,B,exact stem+ordinal,GJ04MH0072,Bhimdad,38.66,0.0,1.0,
94,22.403889,70.403611,CWC NRLD 2019,A,exact stem+ordinal,GJ04MH0490,Und I,4.76,0.0,1.0,
95,21.977222,69.491389,CWC NRLD 2019,A,exact stem+ordinal,GJ04MH0523,Sani,1.49,0.0,0.857,
96,22.340833,69.954167,CWC NRLD 2019,B,exact stem+ordinal,GJ04MH0086,Sasoi,25.55,0.0,1.0,
97,22.189167,69.655278,CWC NRLD 2019,B,exact stem+ordinal,GJ04MH0074,Ghee,20.74,0.0,0.87,
98,22.241944,70.274722,CWC NRLD 2019,B,exact stem+ordinal,GJ04MH0126,Fulzar I,23.76,0.0,1.0,
99,21.829444,69.928056,CWC NRLD 2019,A,"folded stem 1.00, ordinal exact",GJ04MH0517,Daiminisar,0.09,0.0,1.0,
100,22.021111,69.810833,CWC NRLD 2019,B,exact stem+ordinal,GJ04MH0180,Vartu-I,11.05,0.0,1.0,
101,22.405556,70.183056,CWC NRLD 2019,A,exact stem+ordinal,GJ04LH0008,Vijarkhi,3.19,0.0,1.0,
102,22.349444,69.916944,CWC NRLD 2019,B,exact stem+ordinal,GJ04MH0084,Puna,44.07,0.0,1.0,
103,21.879444,70.099167,CWC NRLD 2019,A,exact stem+ordinal,GJ04MH0636,Umiyasagar,0.0,0.0,1.0,
104,22.114444,69.458333,CWC NRLD 2019,A,"folded stem 1.00, ordinal exact",GJ04HH0582,Gadhki,0.0,0.0,0.87,
105,22.381111,70.256667,CWC NRLD 2019,A,exact stem+ordinal,GJ04MH0590,Ruparel,0.0,0.0,1.0,
106,22.633889,70.3625,CWC NRLD 2019,A,exact stem+ordinal,GJ04LH0552,Und II,0.0,0.0,1.0,
108,22.3375,70.050278,CWC NRLD 2019,B,exact stem+ordinal,GJ04MH0431,Rangmati,11.06,0.0,1.0,
109,21.923333,69.705,CWC NRLD 2019,A,exact stem+ordinal,GJ04MH0569,Vartu II,0.0,0.0,1.0,
110,21.928889,70.076667,CWC NRLD 2019,A,exact stem+ordinal,GJ04MH0549,Fulzar(Kb),0.0,0.0,1.0,
111,22.715556,70.485278,CWC NRLD 2019,B,exact stem+ordinal,GJ04MH0555,Aji IV,11.35,0.0,1.0,
112,22.742222,70.611111,CWC NRLD 2019,A,exact stem+ordinal,GJ04MH0562,Demi III,0.0,0.0,0.364,
114,22.3875,70.221111,CWC NRLD 2019,B,"folded stem 1.00, ordinal exact",GJ04MH0178,Sapda,21.8,0.0,1.0,
115,22.05,69.766667,CWC NRLD 2019,B,exact stem+ordinal,GJ04MH0524,Sonmati,39.19,0.0,1.0,
116,22.241111,69.811389,CWC NRLD 2019,B,exact stem+ordinal,GJ04MH0310,Fulzar II,34.87,0.0,0.923,
119,22.3025,70.336111,CWC NRLD 2019,A,exact stem+ordinal,GJ04MH0553,Wodisang,0.0,0.0,1.0,
120,22.181111,69.976667,CWC NRLD 2019,A,exact stem+ordinal,GJ04LH0572,Rupavati,0.36,0.0,1.0,
121,22.185,70.4475,CWC NRLD 2019,A,exact stem+ordinal,GJ04LH0702,Und III,0.0,0.0,1.0,
123,22.07,69.852778,CWC NRLD 2019,A,exact stem+ordinal,GJ04LH0575,Kabarka,0.0,0.0,1.0,
124,21.021389,70.775556,CWC NRLD 2019,A,exact stem+ordinal,GJ04MH0359,Shingoda,0.0,0.0,0.154,
125,21.024444,70.471944,CWC NRLD 2019,A,exact stem+ordinal,GJ04MH0383,Hiran-II,0.0,0.0,1.0,
126,21.042778,71.067222,CWC NRLD 2019,A,exact stem+ordinal,GJ04HH0355,Raval,0.01,0.0,0.154,
127,20.979444,70.931389,CWC NRLD 2019,A,exact stem+ordinal,GJ04MH0349,Machhundri,0.0,0.0,0.154,
128,21.628333,70.631944,CWC NRLD 2019,A,exact stem+ordinal,GJ04MH0525,Uben,1.82,0.0,1.0,
129,21.260556,70.488056,CWC NRLD 2019,A,exact stem+ordinal,GJ04HH0292,Madhuvanti,4.04,0.0,1.0,
130,21.257222,70.711944,CWC NRLD 2019,A,exact stem+ordinal,GJ04MH0585,Prempara,0.0,0.0,1.0,
131,21.576667,70.518056,CWC NRLD 2019,A,"folded stem 1.00, ordinal exact",GJ04MH0154,Hasanpur,1.52,0.0,1.0,
132,21.385833,70.579722,CWC NRLD 2019,A,exact stem+ordinal,GJ04LH0657,Ozat II,0.25,0.0,1.0,
133,21.147222,70.409444,CWC NRLD 2019,A,exact stem+ordinal,GJ04LH0477,Vrajmi,0.02,0.0,0.957,
134,21.278611,70.729444,CWC NRLD 2019,A,exact stem+ordinal,GJ04MH0277,Ambajal,0.95,0.0,1.0,
135,21.346389,70.705278,CWC NRLD 2019,A,"folded stem 1.00, ordinal exact",GJ04MH0542,Dhrafad,0.0,0.0,1.0,
138,21.133611,70.303333,CWC NRLD 2019,A,exact stem+ordinal,GJ04LH0658,Ozat Weir (Vanthali),0.0,0.0,1.0,
139,21.496389,70.754444,CWC NRLD 2019,A,exact stem+ordinal,GJ04MH0621,Mota Gujariya,0.0,0.0,1.0,
140,21.196667,70.665,CWC NRLD 2019,A,exact stem+ordinal,GJ04MH0116,Hiran-I,0.03,0.0,0.24,
141,21.395556,70.805556,CWC NRLD 2019,A,"folded stem 1.00, ordinal exact",GJ04MH0268,Jhanjhesari,5.73,0.0,1.0,
142,21.791667,69.778333,CWC NRLD 2019,A,"folded stem 1.00, ordinal exact",GJ04MH0219,Fodaraness,0.03,0.0,1.0,
143,21.745833,69.7625,CWC NRLD 2019,A,exact stem+ordinal,GJ04MH0007,Khambhala,0.26,0.0,1.0,
144,21.938889,69.597778,CWC NRLD 2019,B,exact stem+ordinal,GJ04MH0273,Sorthi,14.72,0.0,1.0,
145,21.412778,69.968333,CWC NRLD 2019,A,exact stem+ordinal,GJ04LH0670,Amipur,1.83,0.0,0.353,
146,21.708333,69.958056,CWC NRLD 2019,B,exact stem+ordinal,GJ04MH0246,Kalindri,29.22,0.0,1.0,
148,21.815278,70.769722,CWC NRLD 2019,B,exact stem+ordinal,GJ04MH0152,Bhadar,20.95,0.0,1.0,
149,21.762778,70.423056,CWC NRLD 2019,A,exact stem+ordinal,GJ04LH0578,Bhadar II,0.0,0.0,1.0,
150,22.763056,70.867222,CWC NRLD 2019,B,"folded stem 1.00, ordinal exact",GJ04MH0498,Machhu II,12.58,0.0,1.0,
151,22.516111,70.574167,CWC NRLD 2019,B,exact stem+ordinal,GJ04MH0493,Aji III,23.64,0.0,0.941,
152,21.838889,70.2775,CWC NRLD 2019,B,exact stem+ordinal,GJ04HH0102,Moj,30.77,0.0,1.0,
153,21.786667,70.172222,CWC NRLD 2019,A,exact stem+ordinal,GJ04HH0492,Venu II,0.0,0.0,1.0,
154,22.3625,70.670833,CWC NRLD 2019,A,exact stem+ordinal,GJ04MH0461,Nyari II,5.77,0.0,0.941,
155,22.028889,70.991111,CWC NRLD 2019,A,exact stem+ordinal,GJ04MH0427,Karmal,0.0,0.0,0.833,
156,22.000833,70.804722,CWC NRLD 2019,A,exact stem+ordinal,GJ04MH0006,Veri,0.22,0.0,1.0,
157,21.943056,71.113611,CWC NRLD 2019,A,exact stem+ordinal,GJ04MH0588,Karnuki,0.0,0.0,1.0,
158,22.466667,70.968889,CWC NRLD 2019,A,"folded stem 1.00, ordinal exact",GJ04HH0121,Machhu I,0.0,0.0,1.0,
159,21.849444,70.508611,CWC NRLD 2019,B,exact stem+ordinal,GJ04MH0336,Phophal I,13.04,0.0,1.0,
160,22.265833,70.834722,CWC NRLD 2019,A,exact stem+ordinal,GJ04MH0078,Aji I,0.04,0.0,1.0,
161,22.245556,70.704167,CWC NRLD 2019,A,exact stem+ordinal,GJ04MH0295,Nyari-1,0.03,0.0,0.154,
162,22.3,70.85,CWC NRLD 2019,B,exact stem+ordinal,GJ04MH0005,Lalpari,82.43,0.0,1.0,
163,22.379444,70.765556,CWC NRLD 2019,A,exact stem+ordinal,GJ04MH0466,Aji II,0.0,0.0,1.0,
164,22.706944,70.729722,CWC NRLD 2019,C,exact stem+ordinal,GJ04MH0494,Demi II,11.36,0.0,0.167,
165,21.888611,70.623333,CWC NRLD 2019,A,"folded stem 1.00, ordinal exact",GJ04MH0342,Chhaparvadi-II,0.06,0.0,1.0,
166,22.942222,70.975278,CWC NRLD 2019,A,"folded stem 1.00, ordinal exact",GJ04MH0533,Ghodadharoi,0.0,0.0,1.0,
167,22.071111,70.668611,CWC NRLD 2019,A,exact stem+ordinal,GJ04LH0516,Motisar,4.44,0.0,1.0,
168,22.554167,70.611111,CWC NRLD 2019,A,exact stem+ordinal,GJ04LH0565,Khodapipar,0.0,0.0,0.941,
169,21.676944,70.826111,CWC NRLD 2019,A-bdy,exact stem+ordinal,GJ04LH0674,Survo,0.0,3.38,1.0,
170,22.288056,70.603333,CWC NRLD 2019,A,exact stem+ordinal,GJ04MH0579,Dondi,0.0,0.0,0.941,
171,21.816667,70.35,CWC NRLD 2019,A,exact stem+ordinal,GJ04MH0591,Sodvadar,0.0,0.0,0.111,
172,22.557222,70.756667,CWC NRLD 2019,A,exact stem+ordinal,GJ04MH0124,Demi I,2.89,0.0,0.167,
173,22.060278,70.861667,CWC NRLD 2019,A,exact stem+ordinal,GJ04MH0098,Gondali,0.08,0.0,0.833,
175,22.060278,70.861944,CWC NRLD 2019,A,"folded stem 1.00, ordinal exact",GJ04MH0207,Vachappari,5.88,0.0,0.833,
176,22.249444,71.023333,CWC NRLD 2019,A,"folded stem 0.91, ordinal exact",GJ04LH0543,Faddanbeti,0.0,0.0,1.0,
177,21.983611,71.018333,CWC NRLD 2019,A,"folded stem 1.00, ordinal exact",GJ04MH0404,Ishwariya,0.08,0.0,1.0,
178,22.6175,70.611389,CWC NRLD 2019,C,exact stem+ordinal,GJ04MH0439,Bangawadi,35.59,0.0,0.375,
180,22.217778,71.281389,CWC NRLD 2019,C,exact stem+ordinal,GJ04MH0217,Dhari,11.42,0.0,0.5,
181,22.020556,71.421111,CWC NRLD 2019,A,exact stem+ordinal,GJ04MH0450,Malgadh,0.19,0.0,0.133,
182,22.343889,71.5375,CWC NRLD 2019,A,exact stem+ordinal,GJ04LH0669,Sukhbhadar,0.0,0.0,1.0,
183,22.672778,71.475,CWC NRLD 2019,B,"folded stem 1.00, ordinal exact",GJ04MH0118,Nayka(W- Bhogavo I),23.83,0.0,1.0,
184,22.724167,71.601111,CWC NRLD 2019,C,exact stem+ordinal,GJ04HH0114,Dholidhaja( W- Bhogavo II ),12.68,0.0,0.714,
185,22.954722,71.421111,CWC NRLD 2019,A,exact stem+ordinal,GJ04MH0519,Falku,0.0,0.0,0.957,
187,22.553333,71.661667,CWC NRLD 2019,A,"folded stem 0.91, ordinal exact",GJ04MH0545,Limdi-Bhogavo II,0.0,0.0,0.667,
188,22.478056,71.690833,CWC NRLD 2019,A,exact stem+ordinal,GJ04LH0513,Vansal,0.0,0.0,1.0,
189,22.891667,71.141944,CWC NRLD 2019,B,exact stem+ordinal,GJ04MH0073,Brahmani,22.23,0.0,1.0,
190,22.470278,71.453611,CWC NRLD 2019,B,"folded stem 0.91, ordinal exact",GJ04HH0138,Limdi Bhogavo I,25.23,0.0,0.909,
191,22.392222,71.254722,CWC NRLD 2019,A,"folded stem 1.00, ordinal exact",GJ04MH0554,Morsal,0.0,0.0,1.0,
192,22.575278,71.368611,CWC NRLD 2019,A,exact stem+ordinal,GJ04LH0576,Saburi,0.0,0.0,1.0,
193,22.315,71.1,CWC NRLD 2019,A,"folded stem 0.93, ordinal exact",GJ04LH0551,Trivni-Tranga,0.15,0.0,1.0,
194,21.985,69.816667,CWC NRLD 2019,A,exact stem+ordinal,GJ04MH0640,Veradi-II,0.0,0.0,1.0,
196,21.471667,72.200833,CWC NRLD 2019,A,"folded stem 1.00, ordinal exact",GJ04LH0678,Jaspara-mandava,0.13,0.0,1.0,
198,21.266667,70.333333,CWC NRLD 2019,A,"folded stem 1.00, ordinal exact",GJ04MH0628,Sabli,0.0,0.0,1.0,
200,22.9925,71.093056,CWC NRLD 2019,B,exact stem+ordinal,GJ04LH0677,Brahmani-II,15.71,0.0,1.0,
203,22.870556,70.811944,CWC NRLD 2019,A,"folded stem 1.00, ordinal exact",GJ04LH0653,Machhu III,0.0,0.0,0.0,
